name,hex,link
Absolute Zero,#0048ba,https://en.wikipedia.org/wiki/List_of_Crayola_crayon_colors#Extreme_Twistables_colors
Acid Green,#b0bf1a,https://en.wikipedia.org/wiki/Acid_green
Aero,#7cb9e8,https://en.wikipedia.org/wiki/Air_Force_blue#Aero
African Violet,#b284be,https://en.wikipedia.org/wiki/African_violet_(color)
Air Superiority Blue,#72a0c1,https://en.wikipedia.org/wiki/Air_Force_blue#Air_superiority_blue/PRU_blue
Alice Blue,#f0f8ff,https://en.wikipedia.org/wiki/Alice_blue
Alizarin,#db2d43,https://en.wikipedia.org/wiki/Amaranth_(color)#Alizarin
Alloy Orange,#c46210,https://en.wikipedia.org/wiki/Shades_of_orange#Alloy_orange
Almond,#efdecd,https://en.wikipedia.org/wiki/Almond_(color)
Amaranth Deep Purple,#9f2b68,https://en.wikipedia.org/wiki/Amaranth_(color)#Amaranth_deep_purple
Amaranth Pink,#f19cbb,https://en.wikipedia.org/wiki/Amaranth_(color)#Amaranth_pink
Amaranth Purple,#ab274f,https://en.wikipedia.org/wiki/Amaranth_(color)#Amaranth_purple
Amazon,#3b7a57,https://en.wikipedia.org/wiki/Amazon_(color)
Amber,#ffbf00,https://en.wikipedia.org/wiki/Amber_(color)
Amethyst,#9966cc,https://en.wikipedia.org/wiki/Amethyst_(color)
Android Green,#3ddc84,https://en.wikipedia.org/wiki/Android_green
Antique Brass,#cd9575,https://en.wikipedia.org/wiki/Antique_brass
Antique Bronze,#665d1e,https://en.wikipedia.org/wiki/Antique_bronze
Antique Fuchsia,#915c83,https://en.wikipedia.org/wiki/Fuchsia_(color)#Antique_fuchsia
Antique Ruby,#841b2d,https://en.wikipedia.org/wiki/Ruby_(color)#Antique_ruby
Antique White,#faebd7,https://en.wikipedia.org/wiki/Shades_of_white#Antique_white
Apricot,#fbceb1,https://en.wikipedia.org/wiki/Apricot_(color)
Aqua,#00ffff,https://en.wikipedia.org/wiki/Aqua_(color)
Aquamarine,#7fffd4,https://en.wikipedia.org/wiki/Aquamarine_(color)
Arctic Lime,#d0ff14,https://en.wikipedia.org/wiki/Lime_(color)#Arctic_lime
Artichoke Green,#4b6f44,https://en.wikipedia.org/wiki/Shades_of_green#Artichoke_green_(Pantone)
Arylide Yellow,#e9d66b,https://en.wikipedia.org/wiki/Arylide_yellow
Ash Gray,#b2beb5,https://en.wikipedia.org/wiki/Shades_of_gray#Ash_gray
Atomic Tangerine,#ff9966,https://en.wikipedia.org/wiki/Shades_of_orange#Atomic_tangerine
Aureolin,#fdee00,https://en.wikipedia.org/wiki/Aureolin
Azure,#007fff,https://en.wikipedia.org/wiki/Azure_(color)
B'dazzled Blue,#2e5894,https://en.wikipedia.org/wiki/Sapphire_(color)#B'dazzled_blue
Baby Blue,#89cff0,https://en.wikipedia.org/wiki/Baby_blue
Baby Blue Eyes,#a1caf1,https://en.wikipedia.org/wiki/Baby_blue#Baby_blue_eyes
Baby Pink,#f4c2c2,https://en.wikipedia.org/wiki/Shades_of_pink#Baby_pink
Baby Powder,#fefefa,https://en.wikipedia.org/wiki/Shades_of_white#Baby_powder
Baker-Miller Pink,#ff91af,https://en.wikipedia.org/wiki/Baker-Miller_pink
Banana Mania,#fae7b5,https://en.wikipedia.org/wiki/List_of_Crayola_crayon_colors#Standard_colors
Barn Red,#7c0a02,https://en.wikipedia.org/wiki/Shades_of_red#Barn_red
Battleship Grey,#848482,https://en.wikipedia.org/wiki/Battleship_grey
Beau Blue,#bcd4e6,https://en.wikipedia.org/wiki/Baby_blue#Beau_blue
Beaver,#9f8170,https://en.wikipedia.org/wiki/Shades_of_brown#Beaver
Beige,#f5f5dc,https://en.wikipedia.org/wiki/Beige
Big Dip O’ruby,#9c2542,https://en.wikipedia.org/wiki/Ruby_(color)#Big_dip_o'ruby
Bisque,#ffe4c4,https://en.wikipedia.org/wiki/X11_color_names#Color_name_charts
Bistre,#3d2b1f,https://en.wikipedia.org/wiki/Bistre
Bistre Brown,#967117,https://en.wikipedia.org/wiki/Bistre#Bistre_brown
Bitter Lemon,#cae00d,https://en.wikipedia.org/wiki/Lemon_(color)#Bitter_lemon
Black,#000000,https://en.wikipedia.org/wiki/Black
Black Shadows,#bfafb2,https://en.wikipedia.org/wiki/List_of_Crayola_crayon_colors#Heads_'n_Tails
Black Bean,#3d0c02,https://en.wikipedia.org/wiki/Shades_of_black#Black_bean
Black Coral,#54626f,https://en.wikipedia.org/wiki/List_of_Crayola_crayon_colors#Pearl_Brite
Black Olive,#3b3c36,https://en.wikipedia.org/wiki/Olive_(color)#Black_olive
Blanched Almond,#ffebcd,https://en.wikipedia.org/wiki/X11_color_names
Blast-Off Bronze,#a57164,https://en.wikipedia.org/wiki/Bronze_(color)#Blast-off_bronze
Bleu De France,#318ce7,https://en.wikipedia.org/wiki/Bleu_de_France_(colour)
Blizzard Blue,#ace5ee,https://en.wikipedia.org/wiki/List_of_Crayola_crayon_colors#Fluorescent_crayons
Blood Red,#660000,https://en.wikipedia.org/wiki/Blood_red
Blue,#0000ff,https://en.wikipedia.org/wiki/Blue
Blue Bell,#a2a2d0,https://en.wikipedia.org/wiki/List_of_Crayola_crayon_colors#Standard_colors
Blue Jeans,#5dadec,https://en.wikipedia.org/wiki/List_of_Crayola_crayon_colors#Heads_'n_Tails
Blue Sapphire,#126180,https://en.wikipedia.org/wiki/Sapphire_(color)#Blue_sapphire
Blue Yonder,#5072a7,https://en.wikipedia.org/wiki/Air_Force_blue#Blue_yonder
Blue-Gray,#6699cc,https://en.wikipedia.org/wiki/Blue-gray
Blue-Violet,#8a2be2,https://en.wikipedia.org/wiki/Indigo#Deep_indigo_(web_color_blue-violet)
Bluetiful,#3c69e7,https://en.wikipedia.org/wiki/List_of_Crayola_crayon_colors
Blush,#de5d83,https://en.wikipedia.org/wiki/Red-violet#Blush
Bole,#79443b,https://en.wikipedia.org/wiki/Bole_(color)
Bone,#e3dac9,https://en.wikipedia.org/wiki/Shades_of_white#Bone
Brick Red,#cb4154,https://en.wikipedia.org/wiki/List_of_Crayola_crayon_colors#Standard_colors
Bright Lilac,#d891ef,https://en.wikipedia.org/wiki/Lilac_(color)#Bright_lilac
Bright Maroon,#c32148,https://en.wikipedia.org/wiki/Maroon#Bright_maroon
Bright Navy Blue,#1974d2,https://en.wikipedia.org/wiki/Navy_blue#Bright_navy_blue
Bright Yellow,#ffaa1d,https://en.wikipedia.org/wiki/List_of_Crayola_crayon_colors#Heads_'n_Tails
Bronze,#cd7f32,https://en.wikipedia.org/wiki/Bronze_(color)
Brown Sugar,#af6e4d,https://en.wikipedia.org/wiki/List_of_Crayola_crayon_colors#Heads_'n_Tails
Bud Green,#7bb661,https://en.wikipedia.org/wiki/Spring_bud#Bud_green
Buff,#ffc680,https://en.wikipedia.org/wiki/Buff_(colour)
Burgundy,#800020,https://en.wikipedia.org/wiki/Burgundy_(color)
Burlywood,#deb887,https://en.wikipedia.org/wiki/X11_color_names#Color_name_charts
Burnished Brown,#a17a74,https://en.wikipedia.org/wiki/List_of_Crayola_crayon_colors#Silver_Swirls
Burnt Orange,#cc5500,https://en.wikipedia.org/wiki/Shades_of_orange#Burnt_orange
Burnt Sienna,#e97451,https://en.wikipedia.org/wiki/Burnt_sienna
Burnt Umber,#8a3324,https://en.wikipedia.org/wiki/Burnt_umber
Byzantine,#bd33a4,https://en.wikipedia.org/wiki/Byzantium_(color)#Byzantine
Byzantium,#702963,https://en.wikipedia.org/wiki/Byzantium_(color)
Cadet Blue,#5f9ea0,https://en.wikipedia.org/wiki/Cadet_grey#Cadet_blue
Cadet Grey,#91a3b0,https://en.wikipedia.org/wiki/Cadet_grey
Cadmium Green,#006b3c,https://en.wikipedia.org/wiki/Cadmium_pigments
Cadmium Orange,#ed872d,https://en.wikipedia.org/wiki/Cadmium_pigments
Café Au Lait,#a67b5b,https://en.wikipedia.org/wiki/Coffee_(color)#Caf%C3%A9_au_Lait
Café Noir,#4b3621,https://en.wikipedia.org/wiki/Coffee_(color)#Caf%C3%A9_Noir
Cambridge Blue,#a3c1ad,https://en.wikipedia.org/wiki/Cambridge_Blue_(colour)
Camel,#c19a6b,https://en.wikipedia.org/wiki/Camel_(color)#Camel
Cameo Pink,#efbbcc,https://en.wikipedia.org/wiki/Shades_of_pink#Cameo_pink
Canary,#ffff99,https://en.wikipedia.org/wiki/History_of_Crayola_crayons#Crayola_No._64
Canary Yellow,#ffef00,https://en.wikipedia.org/wiki/Shades_of_yellow#Yellow_(CMYK)_(process_yellow)_(canary_yellow)
Candy Pink,#e4717a,https://en.wikipedia.org/wiki/Candy_apple_red#Candy_pink
Capri,#00bfff,https://en.wikipedia.org/wiki/Sky_blue#Deep_sky_blue
Cardinal,#c41e3a,https://en.wikipedia.org/wiki/Cardinal_(color)
Caribbean Green,#00cc99,https://en.wikipedia.org/wiki/Spring_green#Caribbean_green
Carmine,#960018,https://en.wikipedia.org/wiki/Carmine_(color)
Carnation Pink,#ffa6c9,https://en.wikipedia.org/wiki/Carnation_pink
Carnelian,#b31b1b,https://en.wikipedia.org/wiki/Carnelian_(color)
Carolina Blue,#56a0d3,https://en.wikipedia.org/wiki/Carolina_blue
Carrot Orange,#ed9121,https://en.wikipedia.org/wiki/Shades_of_orange#Carrot_orange
Catawba,#703642,https://en.wikipedia.org/wiki/Catawba_(grape)#Catawba_(color)
Cedar Chest,#c95a49,https://en.wikipedia.org/wiki/List_of_Crayola_crayon_colors#Magic_Scent
Celadon,#ace1af,https://en.wikipedia.org/wiki/Shades_of_green#Celadon
Celeste,#b2ffff,https://en.wikipedia.org/wiki/Sky_blue#Celeste
Cerise,#de3163,https://en.wikipedia.org/wiki/Cerise_(color)
Cerulean,#007ba7,https://en.wikipedia.org/wiki/Cerulean
Cerulean Blue,#2a52be,https://en.wikipedia.org/wiki/Cerulean#Cerulean_blue
Cerulean Frost,#6d9bc3,https://en.wikipedia.org/wiki/Cerulean#Cerulean_frost
Champagne,#f7e7ce,https://en.wikipedia.org/wiki/Champagne_(color)#Champagne
Champagne Pink,#f1ddcf,https://en.wikipedia.org/wiki/Shades_of_pink#Other_notable_pink_colors
Charcoal,#36454f,https://en.wikipedia.org/wiki/Shades_of_gray#Charcoal
Charm Pink,#e68fac,https://en.wikipedia.org/wiki/Shades_of_pink#Charm_pink
Chartreuse,#80ff00,https://en.wikipedia.org/wiki/Chartreuse_(color)
Cherry Blossom Pink,#ffb7c5,https://en.wikipedia.org/wiki/Shades_of_pink#Cherry_blossom_pink
Chestnut,#954535,https://en.wikipedia.org/wiki/Chestnut_(color)
Chili Red,#e23d28,https://en.wikipedia.org/wiki/Shades_of_red#Chili_red
China Pink,#de6fa1,https://en.wikipedia.org/wiki/Shades_of_pink#China_pink
Chinese Red,#aa381e,https://en.wikipedia.org/wiki/Vermilion#Chinese_red_2
Chinese Violet,#856088,https://en.wikipedia.org/wiki/Shades_of_violet#Chinese_violet
Chinese Yellow,#ffb200,https://en.wikipedia.org/wiki/Shades_of_yellow#Chinese_yellow
Chocolate,#7b3f00,https://en.wikipedia.org/wiki/Chocolate_(color)
Cinereous,#98817b,https://en.wikipedia.org/wiki/Cinereous
Cinnabar,#e34234,https://en.wikipedia.org/wiki/Vermilion
Cinnamon Satin,#cd607e,https://en.wikipedia.org/wiki/List_of_Crayola_crayon_colors#Silver_Swirls
Citrine,#e4d00a,https://en.wikipedia.org/wiki/Citrine_(colour)
Citron,#9fa91f,https://en.wikipedia.org/wiki/Citron_(color)
Claret,#7f1734,https://en.wikipedia.org/wiki/Wine_(color)#Claret
Coffee,#6f4e37,https://en.wikipedia.org/wiki/Coffee_(color)
Columbia Blue,#b9d9eb,https://en.wikipedia.org/wiki/Columbia_Blue
Congo Pink,#f88379,https://en.wikipedia.org/wiki/Shades_of_pink#Congo_pink
Cool Grey,#8c92ac,https://en.wikipedia.org/wiki/Shades_of_gray#Cool_gray
Copper,#b87333,https://en.wikipedia.org/wiki/Copper_(color)
Copper Penny,#ad6f69,https://en.wikipedia.org/wiki/Copper_(color)#Copper_penny
Copper Red,#cb6d51,https://en.wikipedia.org/wiki/Copper_(color)#Copper_red
Copper Rose,#996666,https://en.wikipedia.org/wiki/Copper_(color)#Copper_rose
Coquelicot,#ff3800,https://en.wikipedia.org/wiki/Coquelicot
Coral,#ff7f50,https://en.wikipedia.org/wiki/Coral_(color)
Coral Pink,#f88379,https://en.wikipedia.org/wiki/Coral_(color)#Coral_pink
Cordovan,#893f45,https://en.wikipedia.org/wiki/Cordovan_(color)
Corn,#fbec5d,https://en.wikipedia.org/wiki/Corn_(color)
Cornflower Blue,#6495ed,https://en.wikipedia.org/wiki/Cornflower_blue
Cornsilk,#fff8dc,https://en.wikipedia.org/wiki/Shades_of_white#Cornsilk
Cosmic Cobalt,#2e2d88,https://en.wikipedia.org/wiki/List_of_Crayola_crayon_colors#Silver_Swirls
Cosmic Latte,#fff8e7,https://en.wikipedia.org/wiki/Cosmic_latte
Cotton Candy,#ffbcd9,https://en.wikipedia.org/wiki/Shades_of_pink#Cotton_candy
Coyote Brown,#81613c,https://en.wikipedia.org/wiki/Coyote_brown
Cream,#fffdd0,https://en.wikipedia.org/wiki/Cream_(colour)
Crimson,#dc143c,https://en.wikipedia.org/wiki/Crimson
Cultured,#f5f5f5,https://en.wikipedia.org/wiki/List_of_Crayola_crayon_colors#Pearl_Brite
Cyan,#00ffff,https://en.wikipedia.org/wiki/Cyan
Cyber Grape,#58427c,https://en.wikipedia.org/wiki/List_of_Crayola_crayon_colors#Metallic_FX
Cyber Yellow,#ffd300,https://en.wikipedia.org/wiki/Shades_of_yellow#Cyber_yellow
Cyclamen,#f56fa1,https://en.wikipedia.org/wiki/Cyclamen_(color)
Dark Brown,#654321,https://en.wikipedia.org/wiki/Shades_of_brown#Dark_brown
Dark Byzantium,#5d3954,https://en.wikipedia.org/wiki/Byzantium_(color)#Dark_byzantium
Dark Cyan,#008b8b,https://en.wikipedia.org/wiki/Shades_of_cyan#Dark_cyan
Dark Electric Blue,#536878,https://en.wikipedia.org/wiki/Electric_blue_(color)#Dark_electric_blue
Dark Goldenrod,#b8860b,https://en.wikipedia.org/wiki/Goldenrod_(color)#Dark_goldenrod
Dark Green,#006400,https://en.wikipedia.org/wiki/Shades_of_green#Dark_green_(X11)
Dark Jungle Green,#1a2421,https://en.wikipedia.org/wiki/Jungle_green#Dark_jungle_green
Dark Khaki,#bdb76b,https://en.wikipedia.org/wiki/Khaki_(color)#Dark_khaki
Dark Lava,#483c32,https://en.wikipedia.org/wiki/Lava_(color)#Dark_lava
Dark Liver,#543d37,https://en.wikipedia.org/wiki/Liver_(color)#Dark_liver_(horses)
Dark Magenta,#8b008b,https://en.wikipedia.org/wiki/Shades_of_magenta#Dark_magenta
Dark Olive Green,#556b2f,https://en.wikipedia.org/wiki/Olive_(color)#Dark_olive_green
Dark Orange,#ff8c00,https://en.wikipedia.org/wiki/Shades_of_orange#Dark_orange_(web_color)
Dark Orchid,#9932cc,https://en.wikipedia.org/wiki/Orchid_(color)#Dark_orchid
Dark Purple,#301934,https://en.wikipedia.org/wiki/Dark_purple
Dark Red,#8b0000,https://en.wikipedia.org/wiki/Maroon_(color)#Dark_red
Dark Salmon,#e9967a,https://en.wikipedia.org/wiki/Salmon_(color)#Dark_salmon
Dark Sea Green,#8fbc8f,https://en.wikipedia.org/wiki/X11_color_names#Color_name_charts
Dark Sienna,#3c1414,https://en.wikipedia.org/wiki/Sienna
Dark Sky Blue,#8cbed6,https://en.wikipedia.org/wiki/Sky_blue#Dark_sky_blue
Dark Slate Blue,#483d8b,https://en.wikipedia.org/wiki/X11_color_names#Color_name_charts
Dark Slate Gray,#2f4f4f,https://en.wikipedia.org/wiki/Slate_gray#Dark_slate_gray
Dark Spring Green,#177245,https://en.wikipedia.org/wiki/Spring_green#Dark_spring_green
Dark Turquoise,#00ced1,https://en.wikipedia.org/wiki/Turquoise_(color)#Dark_turquoise
Dark Violet,#9400d3,https://en.wikipedia.org/wiki/Shades_of_violet#Pigment_violet_(web_color_dark_violet)
Davy's Grey,#555555,https://en.wikipedia.org/wiki/Davy%27s_grey
Deep Space Sparkle,#4a646c,https://en.wikipedia.org/wiki/List_of_Crayola_crayon_colors#Metallic_FX
Deep Cerise,#da3287,https://en.wikipedia.org/wiki/Cerise_(color)#Deep_cerise
Deep Champagne,#fad6a5,https://en.wikipedia.org/wiki/Champagne_(color)#Deep_champagne
Deep Chestnut,#b94e48,https://en.wikipedia.org/wiki/Chestnut_(color)#Deep_chestnut
Deep Jungle Green,#004b49,https://en.wikipedia.org/wiki/Jungle_green#Deep_jungle_green
Deep Pink,#ff1493,https://en.wikipedia.org/wiki/Shades_of_pink#Deep_pink
Deep Saffron,#ff9933,https://en.wikipedia.org/wiki/Saffron_(color)#India_saffron_or_deep_saffron
Deep Sky Blue,#00bfff,https://en.wikipedia.org/wiki/Sky_blue#Deep_sky_blue
Deep Taupe,#7e5e60,https://en.wikipedia.org/wiki/Taupe#Deep_taupe
Denim,#1560bd,https://en.wikipedia.org/wiki/List_of_Crayola_crayon_colors#Standard_colors
Denim Blue,#2243b6,https://en.wikipedia.org/wiki/List_of_Crayola_crayon_colors#Heads_'n_Tails
Desert,#c19a6b,https://en.wikipedia.org/wiki/Desert_sand_(color)#Desert
Desert Sand,#edc9af,https://en.wikipedia.org/wiki/Desert_sand_(color)
Dim Gray,#696969,https://en.wikipedia.org/wiki/Grey#Web_colors
Dodger Blue,#1e90ff,https://en.wikipedia.org/wiki/Dodger_blue
Drab,#967117,https://en.wikipedia.org/wiki/Desert_sand_(color)#Sand_dune_(Drab)
Duke Blue,#00009c,https://en.wikipedia.org/wiki/Duke_blue
Dutch White,#efdfbb,https://en.wikipedia.org/wiki/Shades_of_white#Dutch_white
Ebony,#555d50,https://en.wikipedia.org/wiki/Shades_of_black_(colors)#Ebony
Ecru,#c2b280,https://en.wikipedia.org/wiki/Ecru
Eerie Black,#1b1b1b,https://en.wikipedia.org/wiki/Shades_of_black#Eerie_black
Eggplant,#614051,https://en.wikipedia.org/wiki/Eggplant_(color)
Eggshell,#f0ead6,https://en.wikipedia.org/wiki/Eggshell_(color)
Electric Lime,#ccff00,https://en.wikipedia.org/wiki/Lime_(color)#Electric_lime
Electric Purple,#bf00ff,https://en.wikipedia.org/wiki/Shades_of_purple#Electric_purple:_2000s
Electric Violet,#8f00ff,https://en.wikipedia.org/wiki/Shades_of_violet#Electric_violet
Emerald,#50c878,https://en.wikipedia.org/wiki/Shades_of_green#Emerald
Eminence,#6c3082,https://en.wikipedia.org/wiki/Shades_of_purple#Eminence
English Lavender,#b48395,https://en.wikipedia.org/wiki/Lavender_(color)#English_lavender
English Red,#ab4b52,https://en.wikipedia.org/wiki/Indian_red_(color)#English_red
English Vermillion,#cc474b,https://en.wikipedia.org/wiki/List_of_Crayola_crayon_colors
English Violet,#563c5c,https://en.wikipedia.org/wiki/Shades_of_violet#English_violet
Erin,#00ff40,https://en.wikipedia.org/wiki/Erin_(color)
Eton Blue,#96c8a2,https://en.wikipedia.org/wiki/Eton_blue#Eton_blue
Fallow,#c19a6b,https://en.wikipedia.org/wiki/Fallow_(color)
Falu Red,#801818,https://en.wikipedia.org/wiki/Falu_red
Fandango,#b53389,https://en.wikipedia.org/wiki/Fuchsia_(color)#Fandango
Fandango Pink,#de5285,https://en.wikipedia.org/wiki/Shades_of_pink#Fandango_pink
Fawn,#e5aa70,https://en.wikipedia.org/wiki/Fawn_(colour)
Fern Green,#4f7942,https://en.wikipedia.org/wiki/Shades_of_green#Fern_green
Field Drab,#6c541e,https://en.wikipedia.org/wiki/Desert_sand_(color)#Field_drab
Fiery Rose,#ff5470,https://en.wikipedia.org/wiki/List_of_Crayola_crayon_colors#Extreme_Twistables_colors
Finn,#683068,https://en.wikipedia.org/wiki/Shades_of_magenta#Finn
Fire Engine Red,#ce2029,https://en.wikipedia.org/wiki/Fire_engine_red
Firebrick,#b22222,https://en.wikipedia.org/wiki/X11_color_names#Color_name_charts
Flame,#e25822,https://en.wikipedia.org/wiki/Flame_(color)
Flax,#eedc82,https://en.wikipedia.org/wiki/Flax_(color)
Flirt,#a2006d,https://en.wikipedia.org/wiki/Red-violet#Flirt
Floral White,#fffaf0,https://en.wikipedia.org/wiki/Shades_of_white#Floral_white
Forest Green,#228b22,https://en.wikipedia.org/wiki/Shades_of_green#Forest_green
French Beige,#a67b5b,https://en.wikipedia.org/wiki/Beige#French_beige
French Bistre,#856d4d,https://en.wikipedia.org/wiki/Bistre#French_bistre
French Blue,#0072bb,https://en.wikipedia.org/wiki/Shades_of_azure#French_blue
French Fuchsia,#fd3f92,https://en.wikipedia.org/wiki/Fuchsia_(color)#French_fuchsia
French Lilac,#86608e,https://en.wikipedia.org/wiki/Lilac_(color)#French_lilac
French Lime,#9efd38,https://en.wikipedia.org/wiki/Lime_(color)#French_lime
French Mauve,#d473d4,https://en.wikipedia.org/wiki/Mauve#French_mauve_(deep_mauve)
French Pink,#fd6c9e,https://en.wikipedia.org/wiki/Shades_of_pink#French_pink
French Raspberry,#c72c48,https://en.wikipedia.org/wiki/Raspberry_(color)#French_raspberry
French Sky Blue,#77b5fe,https://en.wikipedia.org/wiki/Sky_blue#French_sky_blue
French Violet,#8806ce,https://en.wikipedia.org/wiki/Shades_of_violet#French_violet
Frostbite,#e936a7,https://en.wikipedia.org/wiki/List_of_Crayola_crayon_colors#Extreme_Twistables_colors
Fuchsia,#ff00ff,https://en.wikipedia.org/wiki/Fuchsia_(color)
Fulvous,#e48400,https://en.wikipedia.org/wiki/Fulvous
Fuzzy Wuzzy,#87421f,https://en.wikipedia.org/wiki/List_of_Crayola_crayon_colors#Standard_colors
GO Green,#00ab66,https://en.wikipedia.org/wiki/Shades_of_green#GO_Transit_green
Gainsboro,#dcdcdc,https://en.wikipedia.org/wiki/X11_colour_names#Color_names_identical_between_X11_and_HTML/CSS
Gamboge,#e49b0f,https://en.wikipedia.org/wiki/Gamboge
Generic Viridian,#007f66,https://en.wikipedia.org/wiki/Viridian#Generic_viridian
Ghost White,#f8f8ff,https://en.wikipedia.org/wiki/Shades_of_white#Ghost_white
Glaucous,#6082b6,https://en.wikipedia.org/wiki/Glaucous
Glossy Grape,#ab92b3,https://en.wikipedia.org/wiki/List_of_Crayola_crayon_colors#Silver_Swirls
Gold,#a57c00,https://en.wikipedia.org/wiki/Gold_(color)#Gold
Gold Fusion,#85754e,https://en.wikipedia.org/wiki/List_of_Crayola_crayon_colors#Metallic_FX
Golden Brown,#996515,https://en.wikipedia.org/wiki/Gold_(color)#Golden_brown
Golden Poppy,#fcc200,https://en.wikipedia.org/wiki/Gold_(color)#Golden_poppy
Golden Yellow,#ffdf00,https://en.wikipedia.org/wiki/Gold_(color)#Golden_yellow
Goldenrod,#daa520,https://en.wikipedia.org/wiki/Goldenrod_(color)
Gotham Green,#00573f,https://en.wikipedia.org/wiki/Sea_green
Granite Gray,#676767,https://en.wikipedia.org/wiki/List_of_Crayola_crayon_colors#Silver_Swirls
Granny Smith Apple,#a8e4a0,https://en.wikipedia.org/wiki/List_of_Crayola_crayon_colors
Gray,#bebebe,https://en.wikipedia.org/wiki/X11_color_names#Color_names
Green,#00ff00,https://en.wikipedia.org/wiki/Green
Green Lizard,#a7f432,https://en.wikipedia.org/wiki/List_of_Crayola_crayon_colors#Heads_'n_Tails
Green Sheen,#6eaea1,https://en.wikipedia.org/wiki/List_of_Crayola_crayon_colors#Silver_Swirls
Green-Blue,#1164b4,https://en.wikipedia.org/wiki/Blue-green
Green-Cyan,#009966,https://en.wikipedia.org/wiki/Shades_of_cyan
Green-Yellow,#adff2f,https://en.wikipedia.org/wiki/Shades_of_green#Yellow-green
Grenadier,#d34600,https://en.wikipedia.org/wiki/Shades_of_red#Grenadier
Grullo,#a99a86,https://en.wikipedia.org/wiki/Grullo
Gunmetal,#2a3439,https://en.wikipedia.org/wiki/Shades_of_gray#Gunmetal
Han Blue,#446ccf,https://en.wikipedia.org/wiki/Han_blue
Han Purple,#5218fa,https://en.wikipedia.org/wiki/Han_purple
Hansa Yellow,#e9d66b,https://en.wikipedia.org/wiki/Hansa_yellow
Harlequin,#3fff00,https://en.wikipedia.org/wiki/Shades_of_green#Harlequin
Harvest Gold,#da9100,https://en.wikipedia.org/wiki/Gold_(color)#Harvest_gold
Heat Wave,#ff7a00,https://en.wikipedia.org/wiki/List_of_Crayola_crayon_colors#Extreme_Twistables_colors
Heliotrope,#df73ff,https://en.wikipedia.org/wiki/Heliotrope_(color)
Heliotrope Gray,#aa98a9,https://en.wikipedia.org/wiki/Heliotrope_(color)#Heliotrope_gray
Hollywood Cerise,#f400a1,https://en.wikipedia.org/wiki/Cerise_(color)#Hollywood_cerise
Honeydew,#f0fff0,https://en.wikipedia.org/wiki/Spring_green_(color)#Honeydew
Honolulu Blue,#006db0,https://en.wikipedia.org/wiki/Shades_of_azure#Honolulu_blue
Hooker's Green,#49796b,https://en.wikipedia.org/wiki/Shades_of_green#Hooker's_green
Hot Magenta,#ff1dce,https://en.wikipedia.org/wiki/Shades_of_magenta#Hot_magenta
Hot Pink,#ff69b4,https://en.wikipedia.org/wiki/Shades_of_pink#Hot_pink
Hunter Green,#355e3b,https://en.wikipedia.org/wiki/Shades_of_green#Hunter_green
Iceberg,#71a6d2,https://en.wikipedia.org/wiki/Blue-gray#Iceberg
Icterine,#fcf75e,https://en.wikipedia.org/wiki/Icterine
Illuminating Emerald,#319177,https://en.wikipedia.org/wiki/List_of_Crayola_crayon_colors#Metallic_FX
Imperial Red,#ed2939,https://en.wikipedia.org/wiki/Shades_of_red#Imperial_red
Inchworm,#b2ec5d,https://en.wikipedia.org/wiki/List_of_Crayola_crayon_colors#Standard_colors
Independence,#4c516d,https://en.wikipedia.org/wiki/Shades_of_blue#Independence
India Green,#138808,https://en.wikipedia.org/wiki/Shades_of_green#India_green
Indian Red,#cd5c5c,https://en.wikipedia.org/wiki/Indian_red_(color)
Indian Yellow,#e3a857,https://en.wikipedia.org/wiki/Indian_yellow
Indigo,#4b0082,https://en.wikipedia.org/wiki/Indigo
Indigo Dye,#00416a,https://en.wikipedia.org/wiki/Indigo#Indigo_dye
Infrared,#ff496c,https://en.wikipedia.org/wiki/Infrared
International Klein Blue,#130a8f,https://en.wikipedia.org/wiki/Shades_of_Blue#International_Klein_Blue
International Orange,#c0362c,https://en.wikipedia.org/wiki/International_orange#Golden_Gate_Bridge
Iris,#5a4fcf,https://en.wikipedia.org/wiki/Iris_(color)
Irresistible,#b3446c,https://en.wikipedia.org/wiki/Cerise_(color)#Irresistible
Isabelline,#f4f0ec,https://en.wikipedia.org/wiki/Isabelline_(colour)
Italian Sky Blue,#b2ffff,https://en.wikipedia.org/wiki/Sky_blue#Celeste
Ivory,#fffff0,https://en.wikipedia.org/wiki/Ivory_(color)
Jade,#00a86b,https://en.wikipedia.org/wiki/Shades_of_green#Jade
Japanese Carmine,#9d2933,https://en.wikipedia.org/wiki/Carmine_(color)#Japanese_carmine
Japanese Violet,#5b3256,https://en.wikipedia.org/wiki/Shades_of_violet#Japanese_violet
Jasmine,#f8de7e,https://en.wikipedia.org/wiki/Jasmine_(color)
Jazzberry Jam,#a50b5e,https://en.wikipedia.org/wiki/Red-violet#Jazzberry_jam
Jet,#343434,https://en.wikipedia.org/wiki/Shades_of_black_(colors)#Jet
Jonquil,#f4ca16,https://en.wikipedia.org/wiki/Jonquil_(color)
June Bud,#bdda57,https://en.wikipedia.org/wiki/Spring_bud#June_bud
Jungle Green,#29ab87,https://en.wikipedia.org/wiki/Jungle_green
KSU Purple,#512888,https://en.wikipedia.org/wiki/Shades_of_purple#KSU_Purple
Kelly Green,#4cbb17,https://en.wikipedia.org/wiki/Shades_of_green#Kelly_green
Keppel,#3ab09e,https://en.wikipedia.org/wiki/Shades_of_cyan#Keppel
Key Lime,#e8f48c,https://en.wikipedia.org/wiki/List_of_Crayola_crayon_colors#Pearl_Brite
Khaki,#f0e68c,https://en.wikipedia.org/wiki/Khaki_(color)#Light_khaki
Kobe,#882d17,https://en.wikipedia.org/wiki/Indian_red_(color)#Kobe
Kobi,#e79fc4,https://en.wikipedia.org/wiki/Red-violet#Kobi
Kobicha,#6b4423,https://en.wikipedia.org/wiki/Kobicha
Kombu Green,#354230,https://en.wikipedia.org/wiki/Chartreuse_(color)#Kombu_green
Languid Lavender,#d6cadd,https://en.wikipedia.org/wiki/Lavender_(color)#Languid_lavender
Lapis Lazuli,#26619c,https://en.wikipedia.org/wiki/Shades_of_azure#Lapis_lazuli
Laser Lemon,#ffff66,https://en.wikipedia.org/wiki/Lemon_(color)#Laser_lemon
Laurel Green,#a9ba9d,https://en.wikipedia.org/wiki/Shades_of_green#Laurel_green
Lava,#cf1020,https://en.wikipedia.org/wiki/Lava_(color)
Lavender,#b57edc,https://en.wikipedia.org/wiki/Lavender_(color)#Lavender_(floral)
Lavender Blue,#ccccff,https://en.wikipedia.org/wiki/Lavender_(color)#Lavender_blue
Lavender Blush,#fff0f5,https://en.wikipedia.org/wiki/Lavender_(color)#Lavender_blush
Lavender Gray,#c4c3d0,https://en.wikipedia.org/wiki/Lavender_(color)#Lavender_gray
Lawn Green,#7cfc00,https://en.wikipedia.org/wiki/Chartreuse_(color)#Lawn_green
Lemon,#fff700,https://en.wikipedia.org/wiki/Lemon_(color)
Lemon Chiffon,#fffacd,https://en.wikipedia.org/wiki/Lemon_chiffon
Lemon Curry,#cca01d,https://en.wikipedia.org/wiki/Lemon_(color)#Lemon_curry
Lemon Glacier,#fdff00,https://en.wikipedia.org/wiki/Lemon_(color)#Lemon_glacier
Lemon Meringue,#f6eabe,https://en.wikipedia.org/wiki/Lemon_(color)#Lemon_meringue
Lemon Yellow,#fff44f,https://en.wikipedia.org/wiki/Lemon_(color)#Lemon_yellow
Liberty,#545aa7,https://en.wikipedia.org/wiki/Shades_of_blue#Liberty
Light French Beige,#c8ad7f,https://en.wikipedia.org/wiki/Beige#Light_French_beige
Light Blue,#add8e6,https://en.wikipedia.org/wiki/Light_blue
Light Coral,#f08080,https://en.wikipedia.org/wiki/Coral_(color)#Light_coral
Light Cornflower Blue,#93ccea,https://en.wikipedia.org/wiki/Cornflower_blue#Crayola
Light Cyan,#e0ffff,https://en.wikipedia.org/wiki/Shades_of_cyan#Light_cyan
Light Goldenrod Yellow,#fafad2,https://en.wikipedia.org/wiki/Goldenrod_(color)#Light_goldenrod_yellow
Light Gray,#d3d3d3,https://en.wikipedia.org/wiki/Grey#Web_colors
Light Green,#90ee90,https://en.wikipedia.org/wiki/X11_color_names#Color_names
Light Orange,#fed8b1,https://en.wikipedia.org/wiki/Shades_of_orange#Light_orange
Light Periwinkle,#c5cbe1,https://en.wikipedia.org/wiki/Periwinkle_(color)#Light_periwinkle
Light Pink,#ffb6c1,https://en.wikipedia.org/wiki/Shades_of_pink#Light_pink
Light Salmon,#ffa07a,https://en.wikipedia.org/wiki/Salmon_(color)#Light_salmon
Light Sea Green,#20b2aa,https://en.wikipedia.org/wiki/Shades_of_cyan#Light_sea_green
Light Sky Blue,#87cefa,https://en.wikipedia.org/wiki/Sky_blue#Light_sky_blue
Light Slate Gray,#778899,https://en.wikipedia.org/wiki/Slate_gray#Light_slate_gray
Light Steel Blue,#b0c4de,https://en.wikipedia.org/wiki/Steel_blue#Light_steel_blue
Light Yellow,#ffffe0,https://en.wikipedia.org/wiki/Shades_of_yellow#Light_yellow
Lilac,#c8a2c8,https://en.wikipedia.org/wiki/Lilac_(color)
Lilac Luster,#ae98aa,https://en.wikipedia.org/wiki/List_of_Crayola_crayon_colors#Silver_Swirls
Lime,#bfff00,https://en.wikipedia.org/wiki/Lime_(color)
Lime Green,#32cd32,https://en.wikipedia.org/wiki/Lime_(color)#Lime_green
Lincoln Green,#195905,https://en.wikipedia.org/wiki/Lincoln_green
Linen,#faf0e6,https://en.wikipedia.org/wiki/Linen_(color)
Lion,#c19a6b,https://en.wikipedia.org/wiki/Lion_(color)
Liseran Purple,#de6fa1,https://en.wikipedia.org/wiki/Shades_of_purple#Liseran_purple
Little Boy Blue,#6ca0dc,https://en.wikipedia.org/wiki/Baby_blue#Little_boy_blue
Liver,#674c47,https://en.wikipedia.org/wiki/Liver_(color)
Liver Chestnut,#987456,https://en.wikipedia.org/wiki/Liver_(color)
Livid,#6699cc,https://en.wikipedia.org/wiki/Blue-gray
MSU Green,#18453b,https://en.wikipedia.org/wiki/Shades_of_green#MSU_green
Macaroni and Cheese,#ffbd88,https://en.wikipedia.org/wiki/List_of_Crayola_crayon_colors
Madder Lake,#cc3336,https://en.wikipedia.org/wiki/History_of_Crayola_crayons#1903:_the_original_Crayola_colors
Magenta,#ff00ff,https://en.wikipedia.org/wiki/Magenta
Magenta Haze,#9f4576,https://en.wikipedia.org/wiki/Shades_of_magenta#Magenta_haze
Magic Mint,#aaf0d1,https://en.wikipedia.org/wiki/Spring_green_(color)#Magic_mint
Magnolia,#f2e8d7,https://en.wikipedia.org/wiki/Magnolia_(color)
Mahogany,#c04000,https://en.wikipedia.org/wiki/Mahogany_(color)
Maize,#fbec5d,https://en.wikipedia.org/wiki/Maize_(color)
Majorelle Blue,#6050dc,https://en.wikipedia.org/wiki/Majorelle_Blue
Malachite,#0bda51,https://en.wikipedia.org/wiki/Shades_of_green#Malachite
Manatee,#979aaa,https://en.wikipedia.org/wiki/List_of_Crayola_crayon_colors#Standard_colors
Mandarin,#f37a48,https://en.wikipedia.org/wiki/List_of_Crayola_crayon_colors#Pearl_Brite
Mango,#fdbe02,https://en.wikipedia.org/wiki/Shades_of_yellow#Mango
Mango Tango,#ff8243,https://en.wikipedia.org/wiki/List_of_Crayola_crayon_colors#Standard_colors
Mantis,#74c365,https://en.wikipedia.org/wiki/Shades_of_green#Mantis
Mardi Gras,#880085,https://en.wikipedia.org/wiki/Shades_of_purple#Mardi_Gras
Marigold,#eaa221,https://en.wikipedia.org/wiki/Marigold_(color)
Maroon,#c32148,https://en.wikipedia.org/wiki/Maroon#Bright_maroon
Mauve,#e0b0ff,https://en.wikipedia.org/wiki/Mauve
Mauve Taupe,#915f6d,https://en.wikipedia.org/wiki/Taupe#Mauve_taupe
Mauvelous,#ef98aa,https://en.wikipedia.org/wiki/List_of_Crayola_crayon_colors#Standard_colors
Maximum Blue,#47abcc,https://en.wikipedia.org/wiki/List_of_Crayola_crayon_colors#Standard_colors
Maximum Blue Green,#30bfbf,https://en.wikipedia.org/wiki/List_of_Crayola_crayon_colors#Standard_colors
Maximum Blue Purple,#acace6,https://en.wikipedia.org/wiki/List_of_Crayola_crayon_colors#Standard_colors
Maximum Green,#5e8c31,https://en.wikipedia.org/wiki/List_of_Crayola_crayon_colors#Standard_colors
Maximum Green Yellow,#d9e650,https://en.wikipedia.org/wiki/List_of_Crayola_crayon_colors#Standard_colors
Maximum Purple,#733380,https://en.wikipedia.org/wiki/List_of_Crayola_crayon_colors#Standard_colors
Maximum Red,#d92121,https://en.wikipedia.org/wiki/List_of_Crayola_crayon_colors#Standard_colors
Maximum Red Purple,#a63a79,https://en.wikipedia.org/wiki/List_of_Crayola_crayon_colors#Standard_colors
Maximum Yellow,#fafa37,https://en.wikipedia.org/wiki/Shades_of_yellow#Maximum_yellow
Maximum Yellow Red,#f2ba49,https://en.wikipedia.org/wiki/List_of_Crayola_crayon_colors#Standard_colors
May Green,#4c9141,https://en.wikipedia.org/wiki/Spring_bud#May_green
Maya Blue,#73c2fb,https://en.wikipedia.org/wiki/Maya_blue
Medium Aquamarine,#66ddaa,https://en.wikipedia.org/wiki/Aquamarine_(color)
Medium Blue,#0000cd,https://en.wikipedia.org/wiki/Shades_of_blue#Medium_blue
Medium Candy Apple Red,#e2062c,https://en.wikipedia.org/wiki/Candy_apple_red_(color)#Medium_candy_apple_red
Medium Carmine,#af4035,https://en.wikipedia.org/wiki/Carmine_(color)#Medium_Carmine
Medium Champagne,#f3e5ab,https://en.wikipedia.org/wiki/Champagne_(color)#Medium_champagne
Medium Orchid,#ba55d3,https://en.wikipedia.org/wiki/X11_color_names#Color_names
Medium Purple,#9370db,https://en.wikipedia.org/wiki/Shades_of_purple#Medium_purple_(X11)
Medium Sea Green,#3cb371,https://en.wikipedia.org/wiki/Spring_green_(color)#Medium_sea_green
Medium Slate Blue,#7b68ee,https://en.wikipedia.org/wiki/X11_color_names#Color_names
Medium Spring Green,#00fa9a,https://en.wikipedia.org/wiki/Spring_green_(color)#Medium_spring_green
Medium Turquoise,#48d1cc,https://en.wikipedia.org/wiki/Turquoise_(color)#Medium_turquoise
Medium Violet-Red,#c71585,https://en.wikipedia.org/wiki/Red-violet
Mellow Apricot,#f8b878,https://en.wikipedia.org/wiki/Apricot_(color)#Mellow_apricot
Mellow Yellow,#f8de7e,https://en.wikipedia.org/wiki/Shades_of_yellow#Mellow_yellow
Melon,#febaad,https://en.wikipedia.org/wiki/Shades_of_orange#Melon
Metallic Seaweed,#0a7e8c,https://en.wikipedia.org/wiki/List_of_Crayola_crayon_colors#Metallic_FX
Metallic Sunburst,#9c7c38,https://en.wikipedia.org/wiki/List_of_Crayola_crayon_colors#Metallic_FX
Metallic Gold,#d3af37,https://en.wikipedia.org/wiki/Gold_(color)#Metallic_gold
Mexican Pink,#e4007c,https://en.wikipedia.org/wiki/Mexican_pink
Middle Blue,#7ed4e6,https://en.wikipedia.org/wiki/History_of_Crayola_crayons#Munsell_Crayola,_1926%E2%80%931944
Middle Blue Green,#8dd9cc,https://en.wikipedia.org/wiki/History_of_Crayola_crayons#Munsell_Crayola,_1926%E2%80%931944
Middle Blue Purple,#8b72be,https://en.wikipedia.org/wiki/History_of_Crayola_crayons#Munsell_Crayola,_1926%E2%80%931944
Middle Green,#4d8c57,https://en.wikipedia.org/wiki/History_of_Crayola_crayons#Munsell_Crayola,_1926%E2%80%931944
Middle Green Yellow,#acbf60,https://en.wikipedia.org/wiki/History_of_Crayola_crayons#Munsell_Crayola,_1926%E2%80%931944
Middle Grey,#8b8680,https://en.wikipedia.org/wiki/History_of_Crayola_crayons#Munsell_Crayola,_1926%E2%80%931944
Middle Purple,#d982b5,https://en.wikipedia.org/wiki/History_of_Crayola_crayons#Munsell_Crayola,_1926%E2%80%931944
Middle Red,#e58e73,https://en.wikipedia.org/wiki/History_of_Crayola_crayons#Munsell_Crayola,_1926%E2%80%931944
Middle Red Purple,#a55353,https://en.wikipedia.org/wiki/History_of_Crayola_crayons#Munsell_Crayola,_1926%E2%80%931944
Middle Yellow,#ffeb00,https://en.wikipedia.org/wiki/History_of_Crayola_crayons#Munsell_Crayola,_1926%E2%80%931944
Middle Yellow Red,#ecb176,https://en.wikipedia.org/wiki/History_of_Crayola_crayons#Munsell_Crayola,_1926%E2%80%931944
Midnight,#702670,https://en.wikipedia.org/wiki/List_of_Crayola_crayon_colors#Pearl_Brite
Midnight Blue,#191970,https://en.wikipedia.org/wiki/Midnight_blue
Midnight Green,#004953,https://en.wikipedia.org/wiki/Shades_of_green#Mint_green
Mikado Yellow,#ffc40c,https://en.wikipedia.org/wiki/Mikado_yellow
Mimi Pink,#ffdae9,https://en.wikipedia.org/wiki/Shades_of_pink#Mimi_Pink
Mindaro,#e3f988,https://en.wikipedia.org/wiki/Chartreuse_(color)#Mindaro
Ming,#36747d,https://en.wikipedia.org/wiki/Blue-green#Ming
Minion Yellow,#f5e050,https://en.wikipedia.org/wiki/Minions_(film)#Marketing_and_release
Mint,#3eb489,https://en.wikipedia.org/wiki/Spring_green_(color)#Mint
Mint Cream,#f5fffa,https://en.wikipedia.org/wiki/Spring_green_(color)#Mint_cream
Mint Green,#98ff98,https://en.wikipedia.org/wiki/Spring_green_(color)#Mint_green
Misty Moss,#bbb477,https://en.wikipedia.org/wiki/List_of_Crayola_crayon_colors#Silver_Swirls
Misty Rose,#ffe4e1,https://en.wikipedia.org/wiki/Rose_(color)#Misty_rose
Mode Beige,#967117,https://en.wikipedia.org/wiki/Beige#Mode_beige
Mona Lisa,#ff948e,https://en.wikipedia.org/wiki/Shades_of_pink#Mona_Lisa
Morning Blue,#8da399,https://en.wikipedia.org/wiki/Shades_of_blue#Morning_blue
Moss Green,#8a9a5b,https://en.wikipedia.org/wiki/Shades_of_green#Mint_green
Mountain Meadow,#30ba8f,https://en.wikipedia.org/wiki/List_of_Crayola_crayon_colors#Standard_colors
Mountbatten Pink,#997a8d,https://en.wikipedia.org/wiki/Mountbatten_pink
Mulberry,#c54b8c,https://en.wikipedia.org/wiki/Shades_of_purple#Mulberry
Mustard,#ffdb58,https://en.wikipedia.org/wiki/Mustard_(color)
Myrtle Green,#317873,https://en.wikipedia.org/wiki/Shades_of_green#Mint_green
Mystic,#d65282,https://en.wikipedia.org/wiki/List_of_Crayola_crayon_colors#Pearl_Brite
Mystic Maroon,#ad4379,https://en.wikipedia.org/wiki/List_of_Crayola_crayon_colors#Silver_Swirls
Nadeshiko Pink,#f6adc6,https://en.wikipedia.org/wiki/Shades_of_pink
Naples Yellow,#fada5e,https://en.wikipedia.org/wiki/Naples_yellow
Navajo White,#ffdead,https://en.wikipedia.org/wiki/Navajo_white
Navy Blue,#000080,https://en.wikipedia.org/wiki/Navy_blue
Neon Blue,#4666ff,https://en.wikipedia.org/wiki/Shades_of_blue#Neon_blue
Neon Fuchsia,#fe4164,https://en.wikipedia.org/wiki/Fuchsia_(color)#Neon_fuchsia
Neon Green,#39ff14,https://en.wikipedia.org/wiki/Shades_of_green#Neon_green
New York Pink,#d7837f,https://en.wikipedia.org/wiki/Shades_of_pink#New_York_pink
Nickel,#727472,https://en.wikipedia.org/wiki/Shades_of_gray#Nickel
Non-Photo Blue,#a4dded,https://en.wikipedia.org/wiki/Non-photo_blue
Nyanza,#e9ffdb,https://en.wikipedia.org/wiki/Chartreuse_(color)#Nyanza
OU Crimson Red,#841617,https://en.wikipedia.org/wiki/Shades_of_red#OU_crimson
Ochre,#cc7722,https://en.wikipedia.org/wiki/Ochre
Old Burgundy,#43302e,https://en.wikipedia.org/wiki/Burgundy_(color)#Old_burgundy
Old Gold,#cfb53b,https://en.wikipedia.org/wiki/Old_gold
Old Lace,#fdf5e6,https://en.wikipedia.org/wiki/Shades_of_white#Old_lace
Old Lavender,#796878,https://en.wikipedia.org/wiki/Lavender_(color)#Old_lavender
Old Mauve,#673147,https://en.wikipedia.org/wiki/Mauve#Old_mauve
Old Rose,#c08081,https://en.wikipedia.org/wiki/Rose_(color)#Old_rose
Old Silver,#848482,https://en.wikipedia.org/wiki/Silver_(color)#Old_silver
Olive,#808000,https://en.wikipedia.org/wiki/Olive_(color)
Olive Drab #7,#3c341f,https://en.wikipedia.org/wiki/Olive_drab
Olive Drab,#6b8e23,https://en.wikipedia.org/wiki/Olive_drab
Olive Green,#b5b35c,https://en.wikipedia.org/wiki/Olive_(color)#Olive_green
Olivine,#9ab973,https://en.wikipedia.org/wiki/Olive_(color)#Olivine
Onyx,#353839,https://en.wikipedia.org/wiki/Shades_of_black_(colors)#Onyx
Opal,#a8c3bc,https://en.wikipedia.org/wiki/Shades_of_gray#Opal
Opera Mauve,#b784a7,https://en.wikipedia.org/wiki/Mauve#Opera_mauve
Orange,#ff7f00,https://en.wikipedia.org/wiki/Orange_(colour)
Orange Peel,#ff9f00,https://en.wikipedia.org/wiki/Orange_peel_(color)
Orange Soda,#fa5b3d,https://en.wikipedia.org/wiki/List_of_Crayola_crayon_colors#Heads_'n_Tails
Orange-Red,#ff681f,https://en.wikipedia.org/wiki/Vermilion#Orange-red
Orange-Yellow,#f5bd1f,https://en.wikipedia.org/wiki/Marigold_(color)#Orange-yellow
Orchid,#da70d6,https://en.wikipedia.org/wiki/Orchid_(color)
Orchid Pink,#f2bdcd,https://en.wikipedia.org/wiki/Orchid_(color)#Orchid_pink
Outer Space,#2d383a,https://en.wikipedia.org/wiki/Shades_of_black#Outer_space_(Crayola)
Outrageous Orange,#ff6e4a,https://en.wikipedia.org/wiki/List_of_Crayola_crayon_colors#Fluorescent_crayons
Oxblood,#4a0000,https://en.wikipedia.org/wiki/Oxblood
Oxford Blue,#002147,https://en.wikipedia.org/wiki/Oxford_Blue_(colour)
Pacific Blue,#1ca9c9,https://en.wikipedia.org/wiki/List_of_Crayola_crayon_colors#Standard_colors
Pakistan Green,#006600,https://en.wikipedia.org/wiki/Shades_of_green#Pakistan_green
Palatinate Purple,#682860,https://en.wikipedia.org/wiki/Palatinate_(colour)
Pale Dogwood,#ed7a9b,https://en.wikipedia.org/wiki/Shades_of_pink#Pale_Dogwood
Pale Aqua,#bcd4e6,https://en.wikipedia.org/wiki/Aqua_(color)#Pale_aqua
Pale Cerulean,#9bc4e2,https://en.wikipedia.org/wiki/Cerulean#Pale_cerulean
Pale Pink,#fadadd,https://en.wikipedia.org/wiki/Shades_of_pink#Pale_pink
Pale Purple,#fae6fa,https://en.wikipedia.org/wiki/Shades_of_purple#Pale_purple
Pale Silver,#c9c0bb,https://en.wikipedia.org/wiki/Silver_(color)#Pale_silver
Pale Spring Bud,#ecebbd,https://en.wikipedia.org/wiki/Spring_bud#Pale_spring_bud
Pansy Purple,#78184a,https://en.wikipedia.org/wiki/Shades_of_purple#Pansy_purple
Paolo Veronese Green,#009b7d,https://en.wikipedia.org/wiki/Viridian#Paolo_Veronese_green
Papaya Whip,#ffefd5,https://en.wikipedia.org/wiki/Papaya_whip
Paradise Pink,#e63e62,https://en.wikipedia.org/wiki/Shades_of_pink#Paradise_pink
Parchment,#f1e9d2,https://en.wikipedia.org/wiki/Shades_of_white#Parchment
Paris Green,#50c878,https://en.wikipedia.org/wiki/Paris_green
Pastel Pink,#dea5a4,https://en.wikipedia.org/wiki/Shades_of_pink#Pastel_pink
Patriarch,#800080,https://en.wikipedia.org/wiki/Shades_of_purple#Purple_(HTML/CSS_color)_(patriarch)
Paua,#1f005e,https://en.wikipedia.org/wiki/Shades_of_purple#Paua
Payne's Grey,#536878,https://en.wikipedia.org/wiki/Payne%27s_grey
Peach,#ffe5b4,https://en.wikipedia.org/wiki/Peach_(color)
Peach Puff,#ffdab9,https://en.wikipedia.org/wiki/Peach_(color)#Peach_puff
Pear,#d1e231,https://en.wikipedia.org/wiki/Chartreuse_(color)#Pear
Pearly Purple,#b768a2,https://en.wikipedia.org/wiki/Shades_of_purple#Pearly_purple
Periwinkle,#ccccff,https://en.wikipedia.org/wiki/Periwinkle_(color)
Permanent Geranium Lake,#e12c2c,https://en.wikipedia.org/wiki/List_of_Crayola_crayon_colors#Standard_colors
Persian Blue,#1c39bb,https://en.wikipedia.org/wiki/Persian_blue
Persian Green,#00a693,https://en.wikipedia.org/wiki/Shades_of_green#Persian_green
Persian Indigo,#32127a,https://en.wikipedia.org/wiki/Persian_blue#Persian_indigo
Persian Orange,#d99058,https://en.wikipedia.org/wiki/Shades_of_orange#Persian_orange
Persian Pink,#f77fbe,https://en.wikipedia.org/wiki/Rose_(color)#Persian_pink
Persian Plum,#701c1c,https://en.wikipedia.org/wiki/Plum_(color)#Persian_plum_(prune)
Persian Red,#cc3333,https://en.wikipedia.org/wiki/Persian_red
Persian Rose,#fe28a2,https://en.wikipedia.org/wiki/Rose_(color)#Persian_rose
Persimmon,#ec5800,https://en.wikipedia.org/wiki/Shades_of_orange#Persimmon
Pewter Blue,#8ba8b7,https://en.wikipedia.org/wiki/List_of_Crayola_crayon_colors#Silver_Swirls
Phlox,#df00ff,https://en.wikipedia.org/wiki/Shades_of_purple#Psychedelic_purple_(phlox)
Phthalo Blue,#000f89,https://en.wikipedia.org/wiki/Phthalocyanine_Blue_BN
Phthalo Green,#123524,https://en.wikipedia.org/wiki/Phthalocyanine_Green_G
Picotee Blue,#2e2787,https://en.wikipedia.org/wiki/Shades_of_blue#Picotee_blue
Pictorial Carmine,#c30b4e,https://en.wikipedia.org/wiki/Carmine_(color)#Pictorial_carmine
Piggy Pink,#fddde6,https://en.wikipedia.org/wiki/Shades_of_pink#Piggy_pink
Pine Green,#01796f,https://en.wikipedia.org/wiki/Shades_of_green#Mint_green
Pine Tree,#2a2f23,https://en.wikipedia.org/wiki/Shades_of_green#Pine_tree
Pink,#ffc0cb,https://en.wikipedia.org/wiki/Pink
Pink Sherbet,#f78fa7,https://en.wikipedia.org/wiki/List_of_Crayola_crayon_colors
Pink Lace,#ffddf4,https://en.wikipedia.org/wiki/Shades_of_pink#Pink_lace
Pink Lavender,#d8b2d1,https://en.wikipedia.org/wiki/Shades_of_pink#Pink_lavender
Pistachio,#93c572,https://en.wikipedia.org/wiki/Chartreuse_(color)#Pistachio
Platinum,#e5e4e2,https://en.wikipedia.org/wiki/Platinum_(color)
Plum,#8e4585,https://en.wikipedia.org/wiki/Plum_(color)
Plump Purple,#5946b2,https://en.wikipedia.org/wiki/List_of_Crayola_crayon_colors#Heads_'n_Tails
Polished Pine,#5da493,https://en.wikipedia.org/wiki/List_of_Crayola_crayon_colors#Silver_Swirls
Pomp and Power,#86608e,https://en.wikipedia.org/wiki/Shades_of_purple#Pomp_and_Power
Popstar,#be4f62,https://en.wikipedia.org/wiki/Red-violet#Popstar
Portland Orange,#ff5a36,https://en.wikipedia.org/wiki/Portland_Orange
Powder Blue,#b0e0e6,https://en.wikipedia.org/wiki/Powder_blue
Princeton Orange,#f58025,https://en.wikipedia.org/wiki/Shades_of_orange#Princeton_orange
Process Yellow,#ffef00,https://en.wikipedia.org/wiki/Shades_of_yellow#Yellow_(CMYK)_(process_yellow)_(canary_yellow)
Prune,#701c1c,https://en.wikipedia.org/wiki/Plum_(color)#Persian_plum_(prune)
Prussian Blue,#003153,https://en.wikipedia.org/wiki/Prussian_blue
Psychedelic Purple,#df00ff,https://en.wikipedia.org/wiki/Psychedelic_purple
Puce,#cc8899,https://en.wikipedia.org/wiki/Puce
Pullman Brown,#644117,https://en.wikipedia.org/wiki/Brown#Business
Pumpkin,#ff7518,https://en.wikipedia.org/wiki/Shades_of_orange#Pumpkin
Purple,#6a0dad,https://en.wikipedia.org/wiki/Shades_of_purple#Purple
Purple Plum,#9c51b6,https://en.wikipedia.org/wiki/List_of_Crayola_crayon_colors#Heads_'n_Tails
Purple Mountain Majesty,#9678b6,https://en.wikipedia.org/wiki/Lavender_(color)#Lavender_purple_(purple_mountain_majesty)
Purple Navy,#4e5180,https://en.wikipedia.org/wiki/Navy_blue#Purple_navy
Purple Pizzazz,#fe4eda,https://en.wikipedia.org/wiki/Shades_of_magenta#Purple_pizzazz
Purpureus,#9a4eae,https://en.wikipedia.org/wiki/Shades_of_purple#Purpureus
Queen Blue,#436b95,https://en.wikipedia.org/wiki/Royal_blue#Queen_blue
Queen Pink,#e8ccd7,https://en.wikipedia.org/wiki/Shades_of_pink#Queen_pink
Quick Silver,#a6a6a6,https://en.wikipedia.org/wiki/List_of_Crayola_crayon_colors#Silver_Swirls
Quinacridone Magenta,#8e3a59,https://en.wikipedia.org/wiki/Shades_of_magenta#Quinacridone_magenta
Radical Red,#ff355e,https://en.wikipedia.org/wiki/Amaranth_(color)#Radical_red_(bright_amaranth_pink)
Raisin Black,#242124,https://en.wikipedia.org/wiki/Raisin_black
Rajah,#fbab60,https://en.wikipedia.org/wiki/Saffron_(color)#Rajah
Raspberry,#e30b5d,https://en.wikipedia.org/wiki/Raspberry_(color)
Raspberry Glace,#915f6d,https://en.wikipedia.org/wiki/Raspberry_(color)#Raspberry_glace
Raspberry Rose,#b3446c,https://en.wikipedia.org/wiki/Raspberry_(color)#Raspberry_rose
Raw Sienna,#d68a59,https://en.wikipedia.org/wiki/List_of_Crayola_crayon_colors#Standard_colors
Raw Umber,#826644,https://en.wikipedia.org/wiki/Umber#Raw_umber
Razzle Dazzle Rose,#ff33cc,https://en.wikipedia.org/wiki/Rose_(color)#Razzle_dazzle_rose
Razzmatazz,#e3256b,https://en.wikipedia.org/wiki/Rose_(color)#Razzmatazz
Razzmic Berry,#8d4e85,https://en.wikipedia.org/wiki/List_of_Crayola_crayon_colors#Metallic_FX
Rebecca Purple,#663399,https://en.wikipedia.org/wiki/Eric_A._Meyer
Red,#ff0000,https://en.wikipedia.org/wiki/Red
Red Salsa,#fd3a4a,https://en.wikipedia.org/wiki/List_of_Crayola_crayon_colors#Heads_'n_Tails
Red-Orange,#ff5349,https://en.wikipedia.org/wiki/Red-orange
Red-Purple,#e40078,https://en.wikipedia.org/wiki/Red-violet#Red-purple
Red-Violet,#c71585,https://en.wikipedia.org/wiki/Red-violet
Redwood,#a45a52,https://en.wikipedia.org/wiki/Shades_of_red#Redwood
Resolution Blue,#002387,https://en.wikipedia.org/wiki/Shades_of_blue#Resolution_blue
Rhythm,#777696,https://en.wikipedia.org/wiki/Blue-gray#Rhythm
Rich Black,#004040,https://en.wikipedia.org/wiki/Rich_black
Rifle Green,#444c38,https://en.wikipedia.org/wiki/Shades_of_green#Mint_green
Robin Egg Blue,#00cccc,https://en.wikipedia.org/wiki/Robin_egg_blue
Rocket Metallic,#8a7f80,https://en.wikipedia.org/wiki/Shades_of_gray#Rocket_metallic
Rojo Spanish Red,#a91101,https://en.wikipedia.org/wiki/Shades_of_red#Spanish_red
Roman Silver,#838996,https://en.wikipedia.org/wiki/Silver_(color)#Roman_silver
Rose,#ff007f,https://en.wikipedia.org/wiki/Rose_(color)
Rose Dust,#9e5e6f,https://en.wikipedia.org/wiki/List_of_Crayola_crayon_colors#Silver_Swirls
Rose Pompadour,#ed7a9b,https://en.wikipedia.org/wiki/Shades_of_pink#Rose_Pompadour
Rose Bonbon,#f9429e,https://en.wikipedia.org/wiki/Rose_(color)#Rose_bonbon
Rose Ebony,#674846,https://en.wikipedia.org/wiki/Rose_(color)#Rose_ebony
Rose Madder,#e32636,https://en.wikipedia.org/wiki/Alizarin
Rose Pink,#ff66cc,https://en.wikipedia.org/wiki/Rose_(color)#Rose_pink
Rose Quartz,#aa98a9,https://en.wikipedia.org/wiki/Rose_(color)#Rose_quartz
Rose Red,#c21e56,https://en.wikipedia.org/wiki/Rose_(color)#Rose_red
Rose Taupe,#905d5d,https://en.wikipedia.org/wiki/Taupe#Rose_taupe
Rose Vale,#ab4e52,https://en.wikipedia.org/wiki/Rose_(color)#Rose_vale
Rosewood,#65000b,https://en.wikipedia.org/wiki/Rose_(color)#Rosewood
Rosso Corsa,#d40000,https://en.wikipedia.org/wiki/Rosso_corsa
Rosy Brown,#bc8f8f,https://en.wikipedia.org/wiki/Rose_(color)#Rosy_brown
Royal Blue,#002366,https://en.wikipedia.org/wiki/Royal_blue
Royal Purple,#7851a9,https://en.wikipedia.org/wiki/Shades_of_purple#Royal_purple:_17th_century
Royal Yellow,#fada5e,https://en.wikipedia.org/wiki/Shades_of_yellow#Royal_yellow
Ruber,#ce4676,https://en.wikipedia.org/wiki/Ruby_(color)#Ruber
Rubine Red,#d10056,https://en.wikipedia.org/wiki/Ruby_(color)#Rubine_red
Ruby,#e0115f,https://en.wikipedia.org/wiki/Ruby_(color)
Ruby Red,#9b111e,https://en.wikipedia.org/wiki/Ruby_(color)#Ruby_red
Rufous,#a81c07,https://en.wikipedia.org/wiki/Rufous
Russet,#80461b,https://en.wikipedia.org/wiki/Russet_(color)
Russian Green,#679267,https://en.wikipedia.org/wiki/Shades_of_green#Russian_green
Russian Violet,#32174d,https://en.wikipedia.org/wiki/Shades_of_violet#Russian_violet
Rust,#b7410e,https://en.wikipedia.org/wiki/Rust_(color)
Rusty Red,#da2c43,https://en.wikipedia.org/wiki/Shades_of_red#Rusty_red
Sacramento State Green,#043927,https://en.wikipedia.org/wiki/Shades_of_green#Sacramento_State_green
Saddle Brown,#8b4513,https://en.wikipedia.org/wiki/X11_color_names#Color_name_charts
Safety Orange,#ff7800,https://en.wikipedia.org/wiki/Safety_orange
Safety Yellow,#eed202,https://en.wikipedia.org/wiki/Shades_of_yellow#Safety_yellow
Saffron,#f4c430,https://en.wikipedia.org/wiki/Saffron_(color)
Sage,#bcb88a,https://en.wikipedia.org/wiki/Sage_(color)
Salmon,#fa8072,https://en.wikipedia.org/wiki/Salmon_(color)
Salmon Pink,#ff91a4,https://en.wikipedia.org/wiki/Salmon_(color)#Salmon_pink
Sand,#c2b280,https://en.wikipedia.org/wiki/Sand_(color)
Sand Dune,#967117,https://en.wikipedia.org/wiki/Desert_sand_(color)#Sand_dune_(Drab)
Sandy Brown,#f4a460,https://en.wikipedia.org/wiki/Shades_of_brown#Sandy_brown
Sap Green,#507d2a,https://en.wikipedia.org/wiki/Shades_of_green#Sap_green
Sapphire,#0f52ba,https://en.wikipedia.org/wiki/Sapphire_(color)#Sapphire
Sapphire Blue,#0067a5,https://en.wikipedia.org/wiki/Sapphire_(color)#Sapphire_blue
Satin Sheen Gold,#cba135,https://en.wikipedia.org/wiki/Gold_(color)#Satin_sheen_gold
Scarlet,#ff2400,https://en.wikipedia.org/wiki/Scarlet_(color)
Schauss Pink,#ff91af,https://en.wikipedia.org/wiki/Baker-Miller_Pink
School Bus Yellow,#ffd800,https://en.wikipedia.org/wiki/School_bus_yellow
Screamin' Green,#66ff66,https://en.wikipedia.org/wiki/List_of_Crayola_crayon_colors#Fluorescent_crayons
Sea Green,#2e8b57,https://en.wikipedia.org/wiki/Shades_of_green#Sea_green
Seal Brown,#59260b,https://en.wikipedia.org/wiki/Seal_brown
Seance,#612086,https://en.wikipedia.org/wiki/Seance
Seashell,#fff5ee,https://en.wikipedia.org/wiki/Seashell_(color)
Secret,#764374,https://en.wikipedia.org/wiki/Shades_of_purple#Secret
Selective Yellow,#ffba00,https://en.wikipedia.org/wiki/Selective_yellow
Sepia,#704214,https://en.wikipedia.org/wiki/Sepia_(color)
Shadow,#8a795d,https://en.wikipedia.org/wiki/List_of_Crayola_crayon_colors#Standard_colors
Shadow Blue,#778ba5,https://en.wikipedia.org/wiki/Blue-gray#Shadow_blue
Shamrock Green,#009e60,https://en.wikipedia.org/wiki/Shades_of_green#Shamrock_green
Sheen Green,#8fd400,https://en.wikipedia.org/wiki/List_of_Crayola_crayon_colors#Metallic_FX
Shimmering Blush,#d98695,https://en.wikipedia.org/wiki/List_of_Crayola_crayon_colors#Metallic_FX
Shiny Shamrock,#5fa778,https://en.wikipedia.org/wiki/List_of_Crayola_crayon_colors#Silver_Swirls
Shocking Pink,#fc0fc0,https://en.wikipedia.org/wiki/Shades_of_pink#Shocking_pink
Sienna,#882d17,https://en.wikipedia.org/wiki/Sienna
Silver,#c0c0c0,https://en.wikipedia.org/wiki/Silver_(color)
Silver Chalice,#acacac,https://en.wikipedia.org/wiki/Silver_(color)#Silver_chalice
Silver Pink,#c4aead,https://en.wikipedia.org/wiki/Shades_of_pink#Silver_pink
Silver Sand,#bfc1c2,https://en.wikipedia.org/wiki/Silver_(color)#Silver_sand
Sinopia,#cb410b,https://en.wikipedia.org/wiki/Sinopia
Sizzling Red,#ff3855,https://en.wikipedia.org/wiki/List_of_Crayola_crayon_colors#Heads_'n_Tails
Sizzling Sunrise,#ffdb00,https://en.wikipedia.org/wiki/List_of_Crayola_crayon_colors#Extreme_Twistables_colors
Skobeloff,#007474,https://en.wikipedia.org/wiki/Spring_green#Skobeloff
Sky Blue,#87ceeb,https://en.wikipedia.org/wiki/Sky_blue
Sky Magenta,#cf71af,https://en.wikipedia.org/wiki/Shades_of_magenta#Sky_magenta
Slate Blue,#6a5acd,https://en.wikipedia.org/wiki/X11_color_names#Color_names
Slate Gray,#708090,https://en.wikipedia.org/wiki/Slate_gray
Slimy Green,#299617,https://en.wikipedia.org/wiki/List_of_Crayola_crayon_colors#Heads_'n_Tails
Smitten,#c84186,https://en.wikipedia.org/wiki/Red-violet#Smitten
Smoky Black,#100c08,https://en.wikipedia.org/wiki/Smoky_black
Snow,#fffafa,https://en.wikipedia.org/wiki/Shades_of_white#Snow
Solid Pink,#893843,https://en.wikipedia.org/wiki/Shades_of_pink#Solid_pink
Sonic Silver,#757575,https://en.wikipedia.org/wiki/Silver_(color)#Sonic_silver
Space Cadet,#1d2951,https://en.wikipedia.org/wiki/Cadet_grey#Space_cadet
Spanish Bistre,#807532,https://en.wikipedia.org/wiki/Bistre#Spanish_bistre
Spanish Blue,#0070b8,https://en.wikipedia.org/wiki/Shades_of_blue#Spanish_blue
Spanish Carmine,#d10047,https://en.wikipedia.org/wiki/Carmine_(color)#Spanish_carmine
Spanish Gray,#989898,https://en.wikipedia.org/wiki/Shades_of_gray#Spanish_gray
Spanish Green,#009150,https://en.wikipedia.org/wiki/Shades_of_green#Spanish_green
Spanish Orange,#e86100,https://en.wikipedia.org/wiki/Shades_of_orange#Spanish_orange
Spanish Pink,#f7bfbe,https://en.wikipedia.org/wiki/Shades_of_pink#Spanish_pink
Spanish Red,#e60026,https://en.wikipedia.org/wiki/Shades_of_red#Spanish_red
Spanish Sky Blue,#00fffe,https://en.wikipedia.org/wiki/Sky_blue#Spanish_sky_blue
Spanish Violet,#4c2882,https://en.wikipedia.org/wiki/Shades_of_violet#Spanish_violet
Spanish Viridian,#007f5c,https://en.wikipedia.org/wiki/Viridian#Spanish_viridian
Spring Frost,#87ff2a,https://en.wikipedia.org/wiki/List_of_Crayola_crayon_colors#Extreme_Twistables_colors
Spring Bud,#a7fc00,https://en.wikipedia.org/wiki/Spring_bud
Spring Green,#00ff7f,https://en.wikipedia.org/wiki/Spring_green_(color)
St. Patrick's Blue,#23297a,https://en.wikipedia.org/wiki/St._Patrick%27s_blue
Star Command Blue,#007bb8,https://en.wikipedia.org/wiki/Cadet_grey#Star_command_blue
Steel Blue,#4682b4,https://en.wikipedia.org/wiki/Steel_blue
Steel Pink,#cc33cc,https://en.wikipedia.org/wiki/Shades_of_pink#Steel_pink
Stil De Grain Yellow,#fada5e,https://en.wikipedia.org/wiki/Stil_de_grain_yellow
Straw,#e4d96f,https://en.wikipedia.org/wiki/Straw_(colour)
Strawberry,#fa5053,https://en.wikipedia.org/wiki/Strawberry
Strawberry Blonde,#ff9361,https://en.wikipedia.org/wiki/Strawberry_blonde_(hair_color)
Sugar Plum,#914e75,https://en.wikipedia.org/wiki/List_of_Crayola_crayon_colors#Silver_Swirls
Sunglow,#ffcc33,https://en.wikipedia.org/wiki/Sunset_(color)#Sunglow
Sunray,#e3ab57,https://en.wikipedia.org/wiki/Sunset_(color)#Sunray
Sunset,#fad6a5,https://en.wikipedia.org/wiki/Sunset_(color)
Super Pink,#cf6ba9,https://en.wikipedia.org/wiki/Shades_of_pink#Super_pink
Sweet Brown,#a83731,https://en.wikipedia.org/wiki/List_of_Crayola_crayon_colors#Heads_'n_Tails
Syracuse Orange,#d44500,https://en.wikipedia.org/wiki/Shades_of_orange#Syracuse_Orange
Tan,#d2b48c,https://en.wikipedia.org/wiki/Tan_(color)
Tangerine,#f28500,https://en.wikipedia.org/wiki/Tangerine_(color)
Tango Pink,#e4717a,https://en.wikipedia.org/wiki/Shades_of_pink#Tango_pink
Tart Orange,#fb4d46,https://en.wikipedia.org/wiki/List_of_Crayola_crayon_colors#Heads_'n_Tails
Taupe,#483c32,https://en.wikipedia.org/wiki/Taupe
Taupe Gray,#8b8589,https://en.wikipedia.org/wiki/Taupe#Taupe_gray
Tea Green,#d0f0c0,https://en.wikipedia.org/wiki/Shades_of_green#Tea_green
Tea Rose,#f4c2c2,https://en.wikipedia.org/wiki/Shades_of_red#Tea_rose
Teal,#008080,https://en.wikipedia.org/wiki/Teal
Teal Blue,#367588,https://en.wikipedia.org/wiki/Teal#Teal_blue
Telemagenta,#cf3476,https://en.wikipedia.org/wiki/Shades_of_magenta#Telemagenta
Tenné,#cd5700,https://en.wikipedia.org/wiki/Tawny_(color)
Terra Cotta,#e2725b,https://en.wikipedia.org/wiki/Terra_cotta_(color)
Thistle,#d8bfd8,https://en.wikipedia.org/wiki/Shades_of_purple#Thistle
Thulian Pink,#de6fa1,https://en.wikipedia.org/wiki/Shades_of_rose#Thulian_pink
Tickle Me Pink,#fc89ac,https://en.wikipedia.org/wiki/Rose_(color)#Tickle_me_pink
Tiffany Blue,#0abab5,https://en.wikipedia.org/wiki/Tiffany_Blue#Tiffany_Blue
Timberwolf,#dbd7d2,https://en.wikipedia.org/wiki/List_of_Crayola_crayon_colors
Titanium Yellow,#eee600,https://en.wikipedia.org/wiki/Titanium_yellow
Tomato,#ff6347,https://en.wikipedia.org/wiki/Shades_of_orange#Tomato
Tourmaline,#86a1a9,https://en.wikipedia.org/wiki/Tourmaline
Tropical Rainforest,#00755e,https://en.wikipedia.org/wiki/Jungle_green#Tropical_rainforest
True Blue,#2d68c4,https://en.wikipedia.org/wiki/True_Blue_(color)
Trypan Blue,#1c05b3,https://en.wikipedia.org/wiki/Trypan_Blue
Tufts Blue,#3e8ede,https://en.wikipedia.org/wiki/Tufts_blue
Tumbleweed,#deaa88,https://en.wikipedia.org/wiki/List_of_Crayola_crayon_colors
Turquoise,#40e0d0,https://en.wikipedia.org/wiki/Turquoise_(color)
Turquoise Blue,#00ffef,https://en.wikipedia.org/wiki/Turquoise_(color)#Turquoise_blue
Turquoise Green,#a0d6b4,https://en.wikipedia.org/wiki/Turquoise_(color)#Turquoise_Green
Turtle Green,#8a9a5b,https://en.wikipedia.org/wiki/Chartreuse_(color)#Turtle_green
Tuscan,#fad6a5,https://en.wikipedia.org/wiki/Beige#Tuscan
Tuscan Brown,#6f4e37,https://en.wikipedia.org/wiki/Tuscan_red#Tuscan_brown
Tuscan Red,#7c4848,https://en.wikipedia.org/wiki/Tuscan_red
Tuscan Tan,#a67b5b,https://en.wikipedia.org/wiki/Tan_(color)#Tuscan_tan
Tuscany,#c09999,https://en.wikipedia.org/wiki/Tuscan_red#Tuscany
Twilight Lavender,#8a496b,https://en.wikipedia.org/wiki/Lavender_(color)#Twilight_lavender
Tyrian Purple,#66023c,https://en.wikipedia.org/wiki/Tyrian_purple#Tyrian_purple
UA Blue,#0033aa,https://en.wikipedia.org/wiki/University_of_Arizona#School_colors
UA Red,#d9004c,https://en.wikipedia.org/wiki/University_of_Arizona#School_colors
UP Forest Green,#014421,https://en.wikipedia.org/wiki/Shades_of_green#UP_forest_green
UP Maroon,#7b1113,https://en.wikipedia.org/wiki/Maroon_(color)#UP_maroon
USAFA Blue,#004f98,https://en.wikipedia.org/wiki/Air_Force_blue#USAFA_blue
Ultra Pink,#ff6fff,https://en.wikipedia.org/wiki/Shades_of_magenta#Shocking_pink_(Crayola)
Ultra Red,#fc6c85,https://en.wikipedia.org/wiki/Carmine_(color)#Ultra_red
Ultramarine,#3f00ff,https://en.wikipedia.org/wiki/Ultramarine
Ultramarine Blue,#4166f5,https://en.wikipedia.org/wiki/Ultramarine#Ultramarine_blue
Umber,#635147,https://en.wikipedia.org/wiki/Umber
Unbleached Silk,#ffddca,https://en.wikipedia.org/wiki/Beige#Unbleached_silk
United Nations Blue,#5b92e5,https://en.wikipedia.org/wiki/Shades_of_azure#United_Nations_blue
University of Pennsylvania Red,#a50021,https://en.wikipedia.org/wiki/Shades_of_red#Penn_red
Unmellow Yellow,#ffff66,https://en.wikipedia.org/wiki/Shades_of_yellow#Unmellow_yellow
Upsdell Red,#ae2029,https://en.wikipedia.org/wiki/Upsdell_red
Uranian Blue,#afdbf5,https://en.wikipedia.org/wiki/Shades_of_blue#Uranian_blue
Van Dyke Brown,#664228,https://en.wikipedia.org/wiki/Van_Dyke_brown
Vanilla,#f3e5ab,https://en.wikipedia.org/wiki/Vanilla_(color)
Vanilla Ice,#f38fa9,https://en.wikipedia.org/wiki/Vanilla_(color)#Vanilla_ice
Vegas Gold,#c5b358,https://en.wikipedia.org/wiki/Gold_(color)#Vegas_gold
Venetian Red,#c80815,https://en.wikipedia.org/wiki/Venetian_red
Verdigris,#43b3ae,https://en.wikipedia.org/wiki/Verdigris
Vermilion,#e34234,https://en.wikipedia.org/wiki/Vermilion
Veronica,#a020f0,https://en.wikipedia.org/wiki/Shades_of_purple#Purple_(X11_color)_(veronica)
Violet,#8f00ff,https://en.wikipedia.org/wiki/Violet_(color)
Violet-Blue,#324ab2,https://en.wikipedia.org/wiki/Violet-blue
Violet-Red,#f75394,https://en.wikipedia.org/wiki/Red-violet#Violet-red
Violet-red,#f0599c,https://en.wikipedia.org/wiki/Red-violet#Violet-red_(PerBang)
Viridian,#40826d,https://en.wikipedia.org/wiki/Viridian
Viridian Green,#009698,https://en.wikipedia.org/wiki/Viridian#Viridian_green
Vivid Burgundy,#9f1d35,https://en.wikipedia.org/wiki/Burgundy_(color)#Vivid_burgundy
Vivid Sky Blue,#00ccff,https://en.wikipedia.org/wiki/Sky_blue#Vivid_sky_blue
Vivid Tangerine,#ffa089,https://en.wikipedia.org/wiki/List_of_Crayola_crayon_colors#Standard_colors
Vivid Violet,#9f00ff,https://en.wikipedia.org/wiki/Shades_of_violet#Vivid_violet
Volt,#ceff00,https://en.wikipedia.org/wiki/Lime_(color)#Volt
Warm Black,#004242,https://en.wikipedia.org/wiki/Rich_black
Weezy Blue,#189bcc,https://en.wikipedia.org/wiki/Weezer_(Blue_Album)
Wheat,#f5deb3,https://en.wikipedia.org/wiki/Wheat_(color)
White,#ffffff,https://en.wikipedia.org/wiki/White
Wild Strawberry,#ff43a4,https://en.wikipedia.org/wiki/List_of_Crayola_crayon_colors#Standard_colors
Wild Blue Yonder,#a2add0,https://en.wikipedia.org/wiki/Air_Force_blue#Wild_blue_yonder
Wild Orchid,#d470a2,https://en.wikipedia.org/wiki/Orchid_(color)#Wild_orchid
Wild Watermelon,#fc6c85,https://en.wikipedia.org/wiki/Carmine_(color)#Wild_watermelon
Windsor Tan,#a75502,https://en.wikipedia.org/wiki/Tan_(color)#Windsor_tan
Wine,#722f37,https://en.wikipedia.org/wiki/Wine_(color)
Wine Dregs,#673147,https://en.wikipedia.org/wiki/Wine_(color)#Wine_dregs
Winter Sky,#ff007c,https://en.wikipedia.org/wiki/List_of_Crayola_crayon_colors#Extreme_Twistables
Wintergreen Dream,#56887d,https://en.wikipedia.org/wiki/List_of_Crayola_crayon_colors#Silver_Swirls
Wisteria,#c9a0dc,https://en.wikipedia.org/wiki/Lavender_(color)#Light_lavender_(wisteria)
Wood Brown,#c19a6b,https://en.wikipedia.org/wiki/Shades_of_brown#Wood_brown
Xanadu,#738678,https://en.wikipedia.org/wiki/Shades_of_gray#Xanadu
Xanthic,#eeed09,https://en.wikipedia.org/wiki/Shades_of_yellow#Xanthic
Xanthous,#f1b42f,https://en.wikipedia.org/wiki/Shades_of_yellow#Xanthous
YInMn Blue,#2e5090,https://en.wikipedia.org/wiki/YInMn_Blue
Yale Blue,#00356b,https://en.wikipedia.org/wiki/Yale_Blue
Yellow,#ffff00,https://en.wikipedia.org/wiki/Yellow
Yellow Orange,#ffae42,https://en.wikipedia.org/wiki/List_of_Crayola_crayon_colors
Yellow Sunshine,#fff700,https://en.wikipedia.org/wiki/List_of_Crayola_crayon_colors#Heads_'n_Tails
Yellow-Green,#9acd32,https://en.wikipedia.org/wiki/Yellow-green
Zaffre,#0014a8,https://en.wikipedia.org/wiki/Zaffre
Zomp,#39a78e,https://en.wikipedia.org/wiki/Spring_green#Zomp